{"cameraMode":{"drawMode":0,"name":"Shaded","section":"Shading Mode"},"sceneLighting":true,"audioPlay":false,"sceneViewState":{"showFog":true,"showMaterialUpdate":false,"showSkybox":true,"showFlares":true,"showImageEffects":true,"showParticleSystems":true},"in2DMode":false,"pivot":{"x":281.51568603515627,"y":438.767333984375,"z":-77.2052001953125},"rotation":{"x":0.00258128740824759,"y":0.9368446469306946,"z":-0.34975549578666689,"w":0.007024113088846207},"size":808.6254272460938,"orthographic":false}