{"cameraMode":{"drawMode":0,"name":"Shaded","section":"Shading Mode"},"sceneLighting":true,"audioPlay":false,"sceneViewState":{"showFog":true,"showMaterialUpdate":false,"showSkybox":true,"showFlares":true,"showImageEffects":true,"showParticleSystems":true},"in2DMode":false,"pivot":{"x":27.661243438720704,"y":-22.293487548828126,"z":15.680351257324219},"rotation":{"x":0.020652448758482934,"y":-0.8435638546943665,"z":0.5357197523117065,"w":0.03239106014370918},"size":71.9491958618164,"orthographic":false}