{"cameraMode":{"drawMode":0,"name":"Shaded","section":"Shading Mode"},"sceneLighting":true,"audioPlay":false,"sceneViewState":{"showFog":true,"showMaterialUpdate":false,"showSkybox":true,"showFlares":true,"showImageEffects":true,"showParticleSystems":true},"in2DMode":false,"pivot":{"x":28.022640228271486,"y":30.238744735717775,"z":27.791959762573243},"rotation":{"x":0.004597845952957869,"y":0.8078244924545288,"z":-0.5893799066543579,"w":0.006301360670477152},"size":12.77397632598877,"orthographic":false}