{"cameraMode":{"drawMode":0,"name":"Shaded","section":"Shading Mode"},"sceneLighting":true,"audioPlay":false,"sceneViewState":{"showFog":true,"showMaterialUpdate":false,"showSkybox":true,"showFlares":true,"showImageEffects":true,"showParticleSystems":true},"in2DMode":false,"pivot":{"x":18.96389389038086,"y":-146.53567504882813,"z":25.804588317871095},"rotation":{"x":-0.01214531809091568,"y":0.727261483669281,"z":-0.6861360669136047,"w":-0.012872481718659401},"size":128.5222930908203,"orthographic":false}