{"cameraMode":{"drawMode":0,"name":"Shaded","section":"Shading Mode"},"sceneLighting":false,"audioPlay":false,"sceneViewState":{"showFog":true,"showMaterialUpdate":false,"showSkybox":false,"showFlares":true,"showImageEffects":true,"showParticleSystems":true},"in2DMode":false,"pivot":{"x":2.7846479415893556,"y":-6.430214881896973,"z":-3.445547103881836},"rotation":{"x":0.010423711501061917,"y":0.923880398273468,"z":-0.3817214071750641,"w":0.025228634476661683},"size":11.123523712158204,"orthographic":false}