{"cameraMode":{"drawMode":0,"name":"Shaded","section":"Shading Mode"},"sceneLighting":false,"audioPlay":false,"sceneViewState":{"showFog":true,"showMaterialUpdate":false,"showSkybox":false,"showFlares":true,"showImageEffects":true,"showParticleSystems":true},"in2DMode":false,"pivot":{"x":7.460522174835205,"y":0.36995697021484377,"z":2.398296356201172},"rotation":{"x":-0.010806407779455185,"y":0.9232831001281738,"z":-0.3830968737602234,"w":-0.0260428786277771},"size":29.46871566772461,"orthographic":false}