{"cameraMode":{"drawMode":0,"name":"Shaded","section":"Shading Mode"},"sceneLighting":true,"audioPlay":false,"sceneViewState":{"showFog":true,"showMaterialUpdate":false,"showSkybox":true,"showFlares":true,"showImageEffects":true,"showParticleSystems":true},"in2DMode":false,"pivot":{"x":26.015867233276368,"y":-130.68878173828126,"z":-19.402362823486329},"rotation":{"x":-0.003345707431435585,"y":0.8096006512641907,"z":-0.586962103843689,"w":-0.004614181350916624},"size":114.35515594482422,"orthographic":false}