{"cameraMode":{"drawMode":0,"name":"Shaded","section":"Shading Mode"},"sceneLighting":true,"audioPlay":false,"sceneViewState":{"showFog":true,"showMaterialUpdate":false,"showSkybox":true,"showFlares":true,"showImageEffects":true,"showParticleSystems":true},"in2DMode":false,"pivot":{"x":324.5069885253906,"y":67.1358642578125,"z":-157.34576416015626},"rotation":{"x":0.008064684458076954,"y":-0.9371469020843506,"z":0.3482666611671448,"w":0.021653765812516214},"size":455.0081787109375,"orthographic":false}