{"cameraMode":{"drawMode":0,"name":"Shaded","section":"Shading Mode"},"sceneLighting":true,"audioPlay":false,"sceneViewState":{"showFog":true,"showMaterialUpdate":false,"showSkybox":true,"showFlares":true,"showImageEffects":true,"showParticleSystems":true},"in2DMode":false,"pivot":{"x":17.1883602142334,"y":-1.0399093627929688,"z":26.368328094482423},"rotation":{"x":0.014175624586641789,"y":0.7464728951454163,"z":-0.6650916337966919,"w":0.01589757762849331},"size":34.653167724609378,"orthographic":false}